AAL,AAL600,JHU,N=850,N=1000,N=5000
28174,1792,15644,3693,2118,245
27058,1856,1500,2950,1806,463
28915,1760,8851,1688,3320,321
32089,1624,13711,1497,1601,423
7654,1736,12729,2555,944,518
7859,1936,659,1217,1746,391
38722,1736,1362,2401,1183,372
40374,1824,1370,1040,981,137
7112,1792,690,3684,2360,526
8057,1680,699,3239,1506,301
8271,1784,968,1606,3530,266
11174,1816,968,807,1329,203
20104,1648,992,3070,2025,528
17132,1816,992,3684,1246,423
13590,1600,2278,2779,1481,373
13747,1808,2278,827,2193,390
7939,1536,3138,3114,1299,327
10733,1592,3018,977,2332,412
17282,1600,3754,2105,1666,625
18885,1544,3752,1197,2704,475
2262,1664,2515,1615,2704,229
2286,1624,2469,1985,3340,724
23852,1952,6849,3179,1081,368
16979,1800,6852,4084,1921,621
5792,1992,7500,1263,1106,817
6870,1856,7508,2590,2027,541
6864,1936,3728,2051,2107,352
5930,1784,3714,2040,2268,226
15025,1856,3972,1587,2303,430
14128,1616,3978,1304,1985,316
11289,1376,2228,3127,1265,429
10442,1320,2231,2986,1381,382
15512,1728,5611,2135,1189,515
17442,1744,5587,1873,2368,321
3715,1696,2342,595,2808,33
2654,1600,2751,2661,1795,264
7469,1768,1236,2236,3391,281
7606,1776,1155,2625,1590,651
7891,1912,1124,2086,1287,130
9028,1696,1125,1162,1701,80
1733,1808,6607,1653,3374,276
1965,1984,6605,2512,1248,433
18157,1864,507,3034,2675,491
14885,1856,507,2207,3447,244
12133,2088,380,1863,740,353
11323,1928,376,720,2076,292
16932,1784,596,1584,3003,495
18450,1560,600,2199,1076,474
10791,2152,,2806,1893,249
11149,2280,,1369,1611,295
25989,2088,,2220,2974,375
16512,2128,,2288,2721,448
7536,2272,,2388,1471,477
7929,1848,,1963,1093,284
18333,1912,,1112,2251,251
20227,1896,,2594,1754,552
31053,1976,,2231,1355,289
30652,1840,,2225,1345,155
16519,2152,,1911,1598,344
17554,2056,,1443,4775,137
19447,1672,,3421,1983,487
10763,2184,,1446,1366,344
9907,2040,,1428,2667,345
15770,1952,,1236,2857,327
9313,2160,,1338,1894,184
14009,2088,,3557,1156,542
28358,1896,,1546,2243,521
26083,1560,,3198,1754,225
10826,1888,,2004,2020,346
6693,1904,,2212,5386,208
7682,2184,,2535,2742,455
7941,2000,,1764,2331,336
7942,2608,,3015,2239,365
8510,2384,,2836,878,278
2285,2344,,2824,2252,437
2188,2464,,2626,1454,664
8700,2240,,1885,794,231
8399,2112,,1276,2386,147
1804,1960,,4994,1571,299
1936,2264,,2154,2535,363
18307,2312,,4530,2272,601
25258,2656,,4683,1773,309
10228,2448,,1850,1383,339
10654,2024,,1022,2067,291
39353,3016,,2227,2374,389
35484,2528,,3738,2551,718
5984,2664,,1890,3034,191
9470,2880,,4406,2046,328
25647,2320,,3220,1807,368
28468,2064,,606,1031,159
20667,2400,,1704,1410,416
21017,3168,,812,1584,165
15216,2424,,2468,1164,312
17038,2456,,3651,2031,431
1072,2608,,1938,2023,348
1600,2728,,1216,3236,310
9034,2760,,1127,1319,346
6763,2728,,3185,1930,716
13672,2856,,2491,1831,353
14362,2664,,1965,724,303
4639,2544,,4419,1869,364
4230,2304,,1340,2906,477
15090,1928,,1872,2102,362
18345,2880,,3463,1885,349
6924,2112,,1006,2544,295
6462,1904,,1835,1511,290
1169,1448,,1426,1782,583
1280,1640,,1011,1834,202
404,2112,,1123,2180,370
1822,1976,,2850,2796,475
5324,2016,,1384,2059,567
2956,2016,,1755,895,433
1564,1704,,2496,1278,655
1940,2280,,1909,2244,373
1367,2192,,2813,2689,484
874,2128,,2244,703,484
,2760,,2332,768,570
,2792,,635,2659,159
,2776,,1747,2732,293
,2864,,2014,1297,373
,2408,,1407,1414,428
,2568,,1354,1740,308
,2488,,2222,1829,471
,2304,,2709,2192,680
,2856,,1541,4558,346
,2832,,2196,1222,624
,2344,,862,1470,279
,2432,,2393,1563,233
,2248,,989,1491,228
,2160,,1553,2447,350
,2416,,2005,741,293
,2312,,1087,1788,397
,2024,,2255,3276,485
,2064,,1976,2506,359
,2312,,2418,1916,408
,1672,,2377,2908,312
,1872,,2319,1751,255
,1992,,1818,1523,527
,1752,,1384,1102,422
,1920,,3152,1147,628
,1744,,2137,1082,777
,1592,,1648,1309,232
,1224,,2390,1371,378
,1424,,1702,1168,286
,1632,,3714,1375,251
,1920,,1923,2164,346
,1856,,2030,1588,196
,2000,,1825,907,322
,1896,,2134,861,405
,1864,,3003,2819,406
,1320,,1578,1893,231
,1168,,2570,1641,145
,2192,,1959,1027,491
,2192,,2605,1193,215
,1728,,1611,2108,224
,1808,,2818,1135,370
,2720,,2529,2345,327
,2768,,3085,1835,594
,2296,,2089,2225,585
,2864,,1738,1498,356
,2224,,2864,1665,271
,2048,,2877,2830,395
,2072,,3088,1274,373
,2120,,2373,2541,402
,2152,,1494,2499,342
,2256,,1050,1488,231
,1992,,1788,1519,216
,2312,,2069,1626,537
,2440,,1945,1496,366
,2248,,1115,1168,206
,2168,,1994,2299,217
,2632,,3728,1088,897
,2112,,3828,1689,483
,2568,,2505,1066,341
,2304,,3903,1307,449
,2496,,2436,1409,411
,2240,,3116,2262,570
,2312,,2638,1526,487
,2848,,1827,1489,447
,2968,,1815,1391,314
,2936,,1024,1608,197
,3272,,3999,2601,545
,2672,,2652,935,251
,3136,,1642,1916,464
,3016,,833,1769,290
,3088,,1699,1713,296
,2184,,2491,2016,697
,2064,,2262,3098,313
,2392,,1432,2012,338
,2256,,1170,1413,497
,1968,,4046,1121,508
,2192,,1363,1390,287
,1992,,1144,1544,331
,2024,,1128,2072,183
,1632,,3028,2565,376
,1536,,1327,756,171
,1136,,4405,3168,594
,1448,,1859,2260,324
,1304,,2502,1212,164
,1976,,3308,1294,444
,1736,,765,2249,219
,1832,,1223,2026,459
,1520,,1521,1615,344
,1704,,1408,1894,316
,1896,,3795,1440,209
,1696,,2011,1596,284
,1440,,1436,768,299
,1712,,1450,1189,277
,1544,,2973,1590,140
,1264,,602,1671,290
,1896,,1437,1069,378
,1744,,2413,1370,838
,1296,,2348,832,362
,1688,,2646,2132,327
,1960,,2214,1819,435
,2072,,2685,1511,527
,2248,,3186,2397,385
,1960,,1783,2720,261
,1944,,652,890,328
,1600,,2891,1137,352
,1240,,3595,633,301
,1704,,2836,2572,444
,1768,,1887,1214,498
,1848,,2306,391,392
,2160,,1395,1608,217
,1896,,2023,3143,299
,2128,,1613,1226,442
,2952,,1745,1332,390
,3488,,1918,1381,239
,2632,,1898,1993,271
,2136,,2366,766,394
,2704,,1981,1375,222
,3064,,4731,1004,304
,2600,,2221,2894,316
,1512,,2828,2803,540
,1832,,1738,2053,488
,2016,,3210,2579,437
,1912,,1234,2649,393
,1872,,1206,1698,394
,2152,,1588,1070,174
,2160,,1056,1226,279
,2072,,3375,1681,676
,2056,,2709,2899,339
,1976,,2747,1477,374
,2152,,1716,1350,308
,1752,,1982,2092,295
,2768,,3152,918,131
,2192,,1697,2502,249
,2080,,3118,2097,496
,2648,,1719,948,423
,1472,,2279,1462,385
,2232,,1462,1945,240
,1448,,1870,1534,311
,1232,,2479,1321,168
,1576,,980,1752,350
,1792,,2208,1200,398
,1992,,1862,2155,172
,2096,,2837,952,435
,2128,,1541,1196,637
,2064,,2327,991,402
,1576,,1669,2536,266
,1800,,2400,1571,342
,1952,,2339,2103,474
,2144,,2875,1508,404
,1936,,3243,2381,362
,1792,,1815,1879,560
,2272,,2036,826,295
,2368,,1618,2236,368
,2152,,2453,1429,207
,2264,,1602,1638,326
,1760,,4195,1558,522
,1984,,1616,1796,325
,2272,,3255,3265,282
,2488,,1972,2584,524
,2064,,2672,894,407
,2424,,2541,508,356
,2392,,1221,1195,330
,2224,,3083,2338,212
,1992,,2383,1155,277
,2208,,1792,1413,214
,2032,,1916,2427,470
,2056,,1710,2480,249
,1960,,2288,750,712
,1864,,1721,1636,369
,1848,,1428,2254,288
,1936,,2207,1128,327
,1592,,1839,1068,309
,1600,,2657,1659,489
,3104,,3648,2771,391
,3328,,1422,2654,555
,3392,,2094,3469,404
,2384,,2611,1952,339
,3304,,2679,2260,212
,3320,,3068,2013,853
,1936,,1341,1430,147
,2832,,3224,2863,427
,2040,,4685,1025,378
,2344,,2194,480,413
,1872,,1339,3462,433
,2128,,1416,1997,310
,1776,,1097,1432,339
,2016,,2590,1521,548
,2320,,2227,1555,371
,2264,,1912,2061,191
,2472,,3098,1997,469
,2600,,1171,1370,286
,2240,,1939,3581,361
,1880,,3200,1589,456
,1848,,865,1152,265
,2240,,606,572,174
,2616,,1420,1980,440
,2504,,2143,1798,547
,2984,,4182,1740,371
,3136,,2495,3054,324
,2408,,2235,4264,364
,2400,,2828,1719,1110
,3208,,2293,3865,287
,2408,,2303,2124,494
,2832,,2418,2690,368
,2856,,1804,1559,239
,3672,,1830,1424,214
,2944,,2150,1804,516
,3128,,2252,2572,283
,2800,,2040,903,820
,2936,,2618,1166,288
,3536,,2986,2656,184
,3480,,1679,1941,491
,3664,,2165,1156,409
,1880,,1493,1703,240
,2048,,997,2459,243
,2088,,1493,1560,353
,2328,,2421,3542,370
,2064,,2263,1638,160
,1976,,3357,1042,541
,2104,,394,2021,312
,2296,,1349,3054,216
,1840,,2521,1701,228
,1640,,2178,1028,404
,1968,,2009,755,360
,2080,,1586,2277,241
,1632,,3071,1898,266
,2392,,1130,1560,304
,2120,,1965,1397,374
,1768,,1737,1243,274
,1864,,3634,1265,361
,2152,,1017,1601,461
,2224,,4118,885,319
,1936,,3718,2521,347
,2240,,2805,2464,371
,2408,,723,2629,303
,2840,,840,1458,260
,2816,,2356,3984,386
,2576,,2662,2971,389
,2464,,1630,2083,477
,2272,,1859,2849,416
,1920,,1480,2457,467
,2408,,1957,1429,271
,2696,,1969,1464,401
,2984,,3080,4256,394
,2824,,982,1832,537
,1944,,4162,2363,651
,2032,,1778,1635,269
,1848,,3014,2655,351
,1824,,1204,1621,553
,2272,,1918,1624,281
,2136,,1113,416,321
,1920,,4026,1553,345
,2072,,817,2020,191
,1928,,3581,2444,216
,2096,,2028,1386,176
,1840,,1686,876,279
,1816,,935,682,364
,2064,,852,1684,280
,1880,,3665,1488,431
,1728,,896,3308,248
,1736,,1299,2950,445
,1720,,1651,1264,417
,1928,,993,2083,434
,2144,,1889,2173,537
,1888,,2224,2410,379
,2256,,1958,839,385
,2088,,1249,3022,400
,2064,,642,1461,288
,2000,,2811,2163,514
,1896,,1782,2060,94
,1736,,4202,2260,406
,1912,,1849,2395,260
,1680,,2112,2071,455
,1840,,2259,1579,410
,2064,,2696,1553,313
,1640,,2274,2305,379
,1728,,1452,1916,367
,2136,,2522,1237,386
,1992,,2959,1962,427
,2048,,1576,1851,279
,2080,,1451,2206,258
,2248,,2110,1215,257
,2264,,2039,1510,195
,1744,,1117,1008,468
,2008,,1618,1582,232
,1896,,1574,1161,308
,2472,,2032,2543,210
,2568,,2730,1263,412
,2240,,526,1810,192
,2392,,4331,1163,300
,2144,,2296,1853,313
,1952,,3164,1508,237
,2112,,1361,1082,337
,1528,,2401,2347,329
,1984,,2122,2027,544
,3072,,2756,3715,346
,3136,,1412,1436,345
,2752,,2158,3259,581
,2712,,2756,1785,548
,1992,,1820,2597,559
,2400,,1765,2568,269
,1312,,3377,1294,339
,1576,,2009,436,340
,1192,,2087,1993,373
,1128,,3690,1547,380
,1336,,1892,3678,365
,1480,,1406,2314,328
,1312,,700,1406,175
,1424,,2714,1602,359
,2712,,1926,1286,357
,2624,,1538,2455,292
,2296,,3194,1298,738
,2416,,2178,2028,385
,3696,,2938,2003,374
,3576,,3496,1209,255
,4288,,2606,1165,512
,4232,,3055,1686,843
,1848,,3389,1265,514
,2528,,731,1036,168
,2408,,3808,1875,228
,2600,,1411,2656,436
,3608,,3480,740,508
,3336,,2227,1348,549
,3328,,2295,1491,265
,3744,,2013,2090,382
,1576,,878,3058,346
,1856,,2275,2952,258
,1688,,1735,1540,411
,1944,,2473,1613,326
,2104,,2494,1204,283
,2064,,1891,1267,163
,2088,,2095,2158,394
,1704,,4142,1609,399
,2072,,1364,2269,265
,1944,,1302,1220,412
,2136,,2985,2215,406
,2096,,3164,1664,375
,1208,,1400,1359,497
,1408,,1499,1181,294
,1272,,1458,1678,194
,1064,,2122,1780,269
,1520,,3639,2294,522
,1288,,2876,833,340
,1240,,979,1155,243
,1056,,2041,2292,572
,1232,,1972,1472,194
,1664,,2166,763,329
,1776,,1244,1357,277
,1984,,2638,2357,242
,1824,,1443,1711,444
,1808,,2309,1727,453
,1408,,1065,1352,438
,1744,,1801,2017,480
,1800,,3133,3356,446
,1952,,2386,1918,677
,1904,,599,2272,176
,1920,,1735,2865,488
,2336,,1292,1842,297
,2544,,1810,1596,255
,3080,,1064,1030,356
,2832,,1077,1505,288
,1512,,1669,1552,609
,1632,,4186,1723,606
,1688,,2863,2090,426
,1856,,2366,1860,521
,2184,,1578,1442,312
,2080,,1953,1530,446
,1448,,1349,2254,643
,1984,,1413,1295,352
,2328,,2763,2547,509
,2168,,2143,3317,337
,1952,,1555,2145,417
,1504,,912,1688,286
,1944,,1517,1609,266
,1880,,2142,1355,244
,2008,,1116,2204,469
,2240,,2203,1403,344
,2016,,716,1554,148
,2048,,1350,1256,501
,2128,,2368,2640,360
,2320,,2319,1490,341
,2344,,2242,1022,257
,2240,,2143,1586,266
,2112,,1576,2045,416
,2184,,1387,1965,272
,2272,,2777,1567,531
,2232,,1599,1415,406
,2104,,2973,1283,288
,2208,,3396,1956,322
,1904,,2724,2857,190
,2240,,748,1661,298
,1800,,989,2124,415
,1992,,1081,2306,313
,2096,,1297,2390,273
,2544,,2355,1402,306
,2552,,1476,1142,304
,2344,,2686,2001,429
,2360,,2525,2623,702
,1976,,1566,1216,254
,2320,,2317,1553,349
,2176,,5073,1168,595
,2936,,1857,1450,381
,2800,,2321,786,385
,3336,,3332,817,500
,3464,,3073,1827,232
,2800,,1258,867,484
,3472,,2918,4833,321
,3344,,1341,1476,321
,2976,,2429,1779,462
,2888,,2389,1845,590
,2272,,1510,1573,156
,2512,,1556,1101,677
,2608,,1649,1401,456
,2568,,1259,1905,419
,2768,,1460,1938,591
,2768,,2108,2438,330
,2600,,1617,1695,365
,3096,,1136,1173,272
,2624,,1525,2232,309
,2344,,2780,2069,338
,2536,,416,2371,174
,2312,,2740,1494,639
,2544,,3194,1955,199
,2272,,1746,1089,395
,2616,,2494,1118,298
,1976,,1129,1772,558
,2176,,984,1890,278
,2224,,1451,1049,158
,2408,,1136,1265,318
,2760,,3841,2809,424
,2560,,1480,1050,325
,2256,,2178,1596,470
,2832,,1456,1085,183
,2216,,2025,2360,379
,2472,,1148,1380,454
,2088,,4583,1792,584
,2176,,2114,1145,384
,2616,,2027,2292,313
,2576,,2080,1500,200
,2224,,1698,2668,152
,2584,,2380,1603,366
,2104,,2781,2011,409
,2288,,1384,1445,438
,2104,,3034,1364,562
,1952,,657,1603,246
,1960,,2353,1068,616
,1848,,3771,1974,627
,1784,,5234,1568,527
,2280,,1808,1507,531
,2968,,2510,2194,611
,3072,,2205,1490,154
,4464,,1464,1082,361
,5032,,1415,2017,399
,1720,,2199,891,682
,1704,,2828,1279,276
,1648,,1204,1225,386
,1728,,2945,1291,420
,1600,,3766,1362,595
,1768,,3430,2292,507
,1808,,1713,2901,307
,1624,,1903,1330,365
,1624,,3207,1785,315
,1480,,787,1730,458
,1312,,2326,1509,329
,1696,,5136,2873,646
,1432,,2721,2697,361
,1640,,2356,1981,458
,1464,,2106,1730,374
,1352,,1615,1279,496
,1912,,830,2699,226
,1984,,1155,1848,224
,1896,,1077,1436,109
,2000,,789,1974,194
,1944,,2679,1990,331
,2192,,3172,584,396
,1632,,5473,1256,445
,1656,,2592,1580,256
,1656,,1021,1449,352
,1552,,1018,1529,181
,1608,,2030,1741,422
,1856,,1402,1866,429
,1704,,2064,358,405
,1768,,1564,1628,190
,1640,,2692,6480,304
,1456,,2638,1177,403
,,,1193,2291,326
,,,2953,1223,408
,,,4450,1332,167
,,,2015,995,357
,,,1705,1796,479
,,,900,1688,271
,,,3873,1755,259
,,,652,2402,79
,,,2807,2903,316
,,,4256,2814,554
,,,1176,2168,244
,,,1529,1364,269
,,,1516,1327,455
,,,5811,1456,244
,,,1508,1501,308
,,,2728,1246,340
,,,1641,1686,236
,,,2335,1025,165
,,,3182,2413,459
,,,1880,4339,309
,,,1654,1727,365
,,,1617,3157,299
,,,2474,2441,236
,,,2325,1151,398
,,,1993,1623,411
,,,1745,929,432
,,,1983,2484,350
,,,1726,935,182
,,,1431,2001,249
,,,2311,1086,313
,,,1243,634,435
,,,2823,1891,552
,,,1428,1077,339
,,,1867,2498,248
,,,2722,2285,344
,,,1160,1508,438
,,,3789,437,196
,,,4436,915,359
,,,1378,1828,286
,,,3973,1060,471
,,,2186,2501,170
,,,2223,2198,250
,,,3317,1641,543
,,,1823,800,470
,,,6373,2533,576
,,,2781,2819,591
,,,759,2086,268
,,,1329,1724,517
,,,2503,1649,332
,,,1509,1706,532
,,,1827,1031,245
,,,2416,2523,404
,,,1948,1118,266
,,,1639,1245,406
,,,1596,2166,350
,,,1125,1140,398
,,,958,3919,472
,,,2023,3832,325
,,,1901,1944,341
,,,2546,1514,354
,,,2811,3443,639
,,,3197,1826,267
,,,3235,1706,419
,,,1310,1822,255
,,,1605,1730,267
,,,2184,1985,535
,,,2058,1888,239
,,,1758,1606,396
,,,1475,1626,225
,,,1796,2395,576
,,,1641,1695,304
,,,1387,784,587
,,,1311,1793,350
,,,1658,1048,417
,,,1720,502,469
,,,2430,1274,225
,,,1358,1518,258
,,,2628,2299,288
,,,3486,2358,386
,,,2674,1509,237
,,,1157,1113,156
,,,1749,1743,658
,,,2123,3316,369
,,,1738,2256,232
,,,2179,1170,276
,,,2355,1638,324
,,,1995,1525,383
,,,2608,2429,226
,,,4471,1205,517
,,,1787,1051,221
,,,552,1922,152
,,,2229,1007,501
,,,5147,2292,217
,,,1880,2031,635
,,,2551,2338,286
,,,4504,1612,264
,,,1520,1789,228
,,,3083,1873,289
,,,3051,417,290
,,,1184,1875,185
,,,2332,1417,407
,,,5487,2293,377
,,,1443,1721,520
,,,2246,1731,665
,,,1686,2545,519
,,,1806,778,289
,,,3330,1371,471
,,,3477,1857,527
,,,2161,1480,301
,,,1719,2986,212
,,,1300,1272,323
,,,1174,3104,264
,,,3734,1126,391
,,,799,1826,218
,,,2194,1711,159
,,,1912,942,250
,,,3410,1823,515
,,,1309,1215,213
,,,1504,1995,353
,,,1988,917,537
,,,1768,3090,564
,,,2475,2556,250
,,,2421,1013,320
,,,1207,3335,224
,,,1593,1849,334
,,,1341,1314,256
,,,2505,1537,401
,,,2858,1517,562
,,,1559,2969,261
,,,1206,878,253
,,,2352,1070,235
,,,1824,2263,315
,,,2347,1039,270
,,,673,928,268
,,,1644,2058,287
,,,2202,2298,737
,,,1495,1600,404
,,,1070,2811,296
,,,1123,2050,389
,,,1892,1971,312
,,,2826,743,396
,,,1275,1026,257
,,,2066,1001,268
,,,1180,488,200
,,,2676,2737,244
,,,3058,1909,476
,,,3171,1570,308
,,,3007,1055,510
,,,3137,1775,659
,,,1745,1730,297
,,,2342,1956,279
,,,1533,1162,542
,,,2375,1441,317
,,,2690,1492,369
,,,658,2982,150
,,,3224,2163,549
,,,3221,2103,472
,,,1257,1950,448
,,,1610,1051,377
,,,1142,3167,134
,,,1449,2050,491
,,,1745,2738,251
,,,2527,875,570
,,,2181,2195,375
,,,1387,1137,306
,,,1780,681,221
,,,2570,389,670
,,,2177,3255,492
,,,4351,2266,281
,,,2401,3384,329
,,,1607,1369,347
,,,2828,1419,347
,,,2323,2437,413
,,,2035,1461,409
,,,2000,2670,287
,,,1272,1592,428
,,,1352,1553,326
,,,2979,1407,375
,,,1680,2035,362
,,,1619,1477,298
,,,1251,3262,302
,,,1623,1651,391
,,,2464,1583,387
,,,3439,3577,405
,,,3165,2002,174
,,,1419,2258,518
,,,1310,2068,182
,,,2296,948,406
,,,1375,2295,330
,,,2377,1808,510
,,,2751,4186,325
,,,1504,1893,449
,,,1658,834,510
,,,1209,1436,127
,,,2717,2158,724
,,,3310,1545,212
,,,3363,2589,359
,,,2629,1511,706
,,,789,1995,284
,,,2315,2022,340
,,,1721,2157,524
,,,1089,1912,226
,,,1608,661,172
,,,2675,3401,170
,,,3467,1050,396
,,,549,2217,171
,,,2633,1673,381
,,,1549,1052,350
,,,2287,1438,371
,,,1701,1921,219
,,,2542,1834,248
,,,1103,1062,426
,,,2672,1156,318
,,,2713,2038,630
,,,2821,2045,418
,,,2423,1030,356
,,,2158,2264,372
,,,2977,823,452
,,,1691,2686,206
,,,1214,2300,458
,,,1202,1751,231
,,,2139,1902,283
,,,2289,3161,283
,,,1784,1761,310
,,,1490,3010,282
,,,1095,987,219
,,,1049,3648,279
,,,2890,3426,345
,,,2321,2298,711
,,,1351,1782,323
,,,3863,1038,238
,,,3478,1388,601
,,,2091,1371,246
,,,2233,967,287
,,,3719,1742,285
,,,2373,1810,585
,,,1270,2125,384
,,,2562,910,468
,,,1877,3057,465
,,,480,2094,133
,,,931,1553,306
,,,3105,1677,383
,,,3691,1623,376
,,,2149,1831,356
,,,2007,696,335
,,,1056,1612,300
,,,1781,781,408
,,,1778,909,324
,,,2114,812,358
,,,1465,1962,326
,,,,3985,324
,,,,1301,138
,,,,2610,315
,,,,1267,374
,,,,1351,247
,,,,1803,311
,,,,1668,190
,,,,2256,228
,,,,1478,291
,,,,1349,252
,,,,2671,330
,,,,1246,605
,,,,2318,197
,,,,1389,350
,,,,911,253
,,,,2927,357
,,,,960,377
,,,,1935,194
,,,,1911,346
,,,,3485,282
,,,,2056,434
,,,,1132,388
,,,,1973,111
,,,,1752,322
,,,,3430,592
,,,,607,347
,,,,966,810
,,,,1511,340
,,,,3271,329
,,,,1193,178
,,,,2538,250
,,,,1264,276
,,,,1645,536
,,,,1633,375
,,,,306,355
,,,,1255,385
,,,,2912,404
,,,,1591,103
,,,,1730,486
,,,,1459,297
,,,,1748,303
,,,,1086,362
,,,,1684,414
,,,,2419,384
,,,,1958,496
,,,,3645,461
,,,,1587,271
,,,,1897,272
,,,,2017,508
,,,,2263,321
,,,,1256,445
,,,,2789,311
,,,,1486,238
,,,,3425,539
,,,,1791,590
,,,,2629,196
,,,,1603,325
,,,,1701,528
,,,,2197,266
,,,,1294,322
,,,,1939,197
,,,,2118,398
,,,,796,421
,,,,1090,596
,,,,1340,399
,,,,2127,389
,,,,1405,340
,,,,2056,359
,,,,657,319
,,,,481,273
,,,,1838,583
,,,,1822,323
,,,,2227,138
,,,,2074,632
,,,,1640,281
,,,,1397,415
,,,,2122,248
,,,,1814,302
,,,,3091,373
,,,,851,345
,,,,1297,179
,,,,2837,447
,,,,872,256
,,,,2512,313
,,,,3263,343
,,,,1605,313
,,,,3489,174
,,,,1570,172
,,,,4229,527
,,,,1044,176
,,,,1629,541
,,,,2849,485
,,,,1680,415
,,,,1759,300
,,,,1445,288
,,,,1173,296
,,,,2544,320
,,,,2478,110
,,,,2945,241
,,,,2511,293
,,,,1265,364
,,,,2914,467
,,,,2039,454
,,,,1153,352
,,,,1883,228
,,,,1759,455
,,,,1796,249
,,,,2383,445
,,,,3822,389
,,,,1160,560
,,,,2467,251
,,,,1812,545
,,,,2672,405
,,,,1032,206
,,,,2265,254
,,,,1695,356
,,,,1574,274
,,,,1532,435
,,,,2554,375
,,,,1588,489
,,,,1828,468
,,,,1811,267
,,,,1741,286
,,,,1725,412
,,,,1310,518
,,,,2617,395
,,,,1415,388
,,,,1538,189
,,,,1268,370
,,,,2166,459
,,,,1658,276
,,,,1215,388
,,,,946,262
,,,,1607,406
,,,,1282,341
,,,,1455,617
,,,,479,347
,,,,1883,447
,,,,1856,300
,,,,1578,739
,,,,978,235
,,,,1148,413
,,,,4349,301
,,,,1709,656
,,,,1752,594
,,,,1782,408
,,,,1732,380
,,,,845,589
,,,,1572,464
,,,,743,439
,,,,,326
,,,,,452
,,,,,514
,,,,,228
,,,,,312
,,,,,484
,,,,,415
,,,,,316
,,,,,330
,,,,,316
,,,,,303
,,,,,300
,,,,,322
,,,,,286
,,,,,178
,,,,,210
,,,,,268
,,,,,428
,,,,,735
,,,,,525
,,,,,506
,,,,,300
,,,,,274
,,,,,350
,,,,,226
,,,,,424
,,,,,527
,,,,,271
,,,,,231
,,,,,343
,,,,,290
,,,,,566
,,,,,207
,,,,,175
,,,,,269
,,,,,157
,,,,,327
,,,,,274
,,,,,349
,,,,,205
,,,,,850
,,,,,651
,,,,,204
,,,,,201
,,,,,481
,,,,,316
,,,,,424
,,,,,353
,,,,,490
,,,,,377
,,,,,333
,,,,,382
,,,,,322
,,,,,247
,,,,,361
,,,,,495
,,,,,428
,,,,,273
,,,,,306
,,,,,285
,,,,,332
,,,,,618
,,,,,356
,,,,,781
,,,,,443
,,,,,528
,,,,,93
,,,,,349
,,,,,458
,,,,,719
,,,,,422
,,,,,387
,,,,,492
,,,,,495
,,,,,221
,,,,,441
,,,,,251
,,,,,264
,,,,,372
,,,,,671
,,,,,295
,,,,,350
,,,,,435
,,,,,376
,,,,,268
,,,,,269
,,,,,357
,,,,,455
,,,,,409
,,,,,481
,,,,,564
,,,,,455
,,,,,527
,,,,,140
,,,,,189
,,,,,317
,,,,,407
,,,,,462
,,,,,370
,,,,,430
,,,,,368
,,,,,324
,,,,,333
,,,,,297
,,,,,198
,,,,,232
,,,,,254
,,,,,434
,,,,,255
,,,,,305
,,,,,328
,,,,,483
,,,,,331
,,,,,293
,,,,,509
,,,,,424
,,,,,546
,,,,,194
,,,,,470
,,,,,302
,,,,,331
,,,,,394
,,,,,220
,,,,,383
,,,,,350
,,,,,312
,,,,,245
,,,,,505
,,,,,399
,,,,,285
,,,,,387
,,,,,445
,,,,,450
,,,,,531
,,,,,271
,,,,,368
,,,,,439
,,,,,349
,,,,,631
,,,,,422
,,,,,359
,,,,,258
,,,,,449
,,,,,278
,,,,,401
,,,,,516
,,,,,535
,,,,,536
,,,,,276
,,,,,196
,,,,,196
,,,,,534
,,,,,395
,,,,,548
,,,,,411
,,,,,296
,,,,,318
,,,,,217
,,,,,356
,,,,,323
,,,,,372
,,,,,315
,,,,,416
,,,,,221
,,,,,389
,,,,,290
,,,,,331
,,,,,264
,,,,,159
,,,,,333
,,,,,98
,,,,,185
,,,,,480
,,,,,200
,,,,,395
,,,,,219
,,,,,367
,,,,,446
,,,,,340
,,,,,494
,,,,,353
,,,,,220
,,,,,369
,,,,,306
,,,,,251
,,,,,378
,,,,,399
,,,,,309
,,,,,284
,,,,,390
,,,,,260
,,,,,185
,,,,,361
,,,,,368
,,,,,311
,,,,,467
,,,,,166
,,,,,251
,,,,,263
,,,,,244
,,,,,300
,,,,,292
,,,,,332
,,,,,495
,,,,,613
,,,,,348
,,,,,118
,,,,,589
,,,,,391
,,,,,246
,,,,,496
,,,,,368
,,,,,600
,,,,,382
,,,,,359
,,,,,426
,,,,,278
,,,,,526
,,,,,218
,,,,,379
,,,,,274
,,,,,518
,,,,,436
,,,,,479
,,,,,395
,,,,,591
,,,,,308
,,,,,527
,,,,,353
,,,,,520
,,,,,244
,,,,,396
,,,,,283
,,,,,461
,,,,,370
,,,,,350
,,,,,410
,,,,,326
,,,,,398
,,,,,442
,,,,,513
,,,,,350
,,,,,522
,,,,,272
,,,,,308
,,,,,193
,,,,,699
,,,,,444
,,,,,376
,,,,,361
,,,,,298
,,,,,337
,,,,,628
,,,,,277
,,,,,378
,,,,,246
,,,,,382
,,,,,472
,,,,,303
,,,,,121
,,,,,200
,,,,,288
,,,,,598
,,,,,340
,,,,,484
,,,,,519
,,,,,257
,,,,,533
,,,,,497
,,,,,264
,,,,,300
,,,,,623
,,,,,567
,,,,,209
,,,,,360
,,,,,176
,,,,,355
,,,,,548
,,,,,395
,,,,,152
,,,,,824
,,,,,247
,,,,,339
,,,,,521
,,,,,416
,,,,,226
,,,,,447
,,,,,455
,,,,,582
,,,,,320
,,,,,346
,,,,,298
,,,,,262
,,,,,250
,,,,,255
,,,,,277
,,,,,427
,,,,,459
,,,,,346
,,,,,304
,,,,,270
,,,,,272
,,,,,688
,,,,,253
,,,,,617
,,,,,440
,,,,,286
,,,,,279
,,,,,529
,,,,,336
,,,,,613
,,,,,760
,,,,,432
,,,,,465
,,,,,399
,,,,,525
,,,,,283
,,,,,234
,,,,,344
,,,,,203
,,,,,164
,,,,,193
,,,,,404
,,,,,251
,,,,,594
,,,,,419
,,,,,465
,,,,,219
,,,,,430
,,,,,357
,,,,,720
,,,,,174
,,,,,295
,,,,,189
,,,,,339
,,,,,228
,,,,,385
,,,,,152
,,,,,335
,,,,,344
,,,,,464
,,,,,615
,,,,,337
,,,,,462
,,,,,288
,,,,,394
,,,,,243
,,,,,501
,,,,,430
,,,,,833
,,,,,155
,,,,,456
,,,,,351
,,,,,452
,,,,,255
,,,,,336
,,,,,250
,,,,,190
,,,,,364
,,,,,426
,,,,,347
,,,,,485
,,,,,323
,,,,,170
,,,,,371
,,,,,446
,,,,,103
,,,,,253
,,,,,211
,,,,,187
,,,,,305
,,,,,437
,,,,,431
,,,,,72
,,,,,426
,,,,,188
,,,,,425
,,,,,252
,,,,,361
,,,,,422
,,,,,698
,,,,,346
,,,,,185
,,,,,435
,,,,,249
,,,,,293
,,,,,270
,,,,,542
,,,,,212
,,,,,319
,,,,,367
,,,,,356
,,,,,265
,,,,,325
,,,,,340
,,,,,338
,,,,,253
,,,,,335
,,,,,384
,,,,,340
,,,,,261
,,,,,541
,,,,,420
,,,,,449
,,,,,626
,,,,,436
,,,,,301
,,,,,341
,,,,,294
,,,,,468
,,,,,414
,,,,,333
,,,,,425
,,,,,317
,,,,,292
,,,,,422
,,,,,270
,,,,,123
,,,,,419
,,,,,455
,,,,,250
,,,,,376
,,,,,252
,,,,,337
,,,,,337
,,,,,699
,,,,,638
,,,,,477
,,,,,245
,,,,,446
,,,,,263
,,,,,286
,,,,,338
,,,,,458
,,,,,570
,,,,,253
,,,,,502
,,,,,617
,,,,,637
,,,,,422
,,,,,462
,,,,,478
,,,,,520
,,,,,330
,,,,,493
,,,,,233
,,,,,469
,,,,,487
,,,,,244
,,,,,428
,,,,,239
,,,,,640
,,,,,325
,,,,,287
,,,,,505
,,,,,299
,,,,,402
,,,,,156
,,,,,295
,,,,,270
,,,,,202
,,,,,332
,,,,,372
,,,,,364
,,,,,312
,,,,,325
,,,,,349
,,,,,402
,,,,,308
,,,,,472
,,,,,261
,,,,,299
,,,,,291
,,,,,332
,,,,,300
,,,,,221
,,,,,451
,,,,,391
,,,,,319
,,,,,416
,,,,,179
,,,,,361
,,,,,203
,,,,,308
,,,,,516
,,,,,487
,,,,,500
,,,,,152
,,,,,343
,,,,,288
,,,,,352
,,,,,323
,,,,,213
,,,,,317
,,,,,516
,,,,,439
,,,,,80
,,,,,155
,,,,,282
,,,,,454
,,,,,299
,,,,,267
,,,,,235
,,,,,212
,,,,,414
,,,,,174
,,,,,235
,,,,,474
,,,,,617
,,,,,426
,,,,,578
,,,,,494
,,,,,268
,,,,,240
,,,,,500
,,,,,369
,,,,,385
,,,,,403
,,,,,317
,,,,,177
,,,,,353
,,,,,183
,,,,,419
,,,,,201
,,,,,441
,,,,,172
,,,,,594
,,,,,536
,,,,,344
,,,,,321
,,,,,426
,,,,,714
,,,,,507
,,,,,465
,,,,,642
,,,,,401
,,,,,281
,,,,,540
,,,,,442
,,,,,296
,,,,,233
,,,,,292
,,,,,306
,,,,,267
,,,,,446
,,,,,302
,,,,,290
,,,,,445
,,,,,125
,,,,,256
,,,,,359
,,,,,511
,,,,,407
,,,,,571
,,,,,494
,,,,,330
,,,,,482
,,,,,141
,,,,,122
,,,,,272
,,,,,358
,,,,,501
,,,,,475
,,,,,308
,,,,,340
,,,,,443
,,,,,232
,,,,,165
,,,,,328
,,,,,274
,,,,,479
,,,,,540
,,,,,282
,,,,,170
,,,,,514
,,,,,411
,,,,,354
,,,,,329
,,,,,239
,,,,,329
,,,,,621
,,,,,384
,,,,,385
,,,,,236
,,,,,332
,,,,,271
,,,,,292
,,,,,289
,,,,,541
,,,,,223
,,,,,252
,,,,,360
,,,,,631
,,,,,312
,,,,,271
,,,,,360
,,,,,125
,,,,,443
,,,,,340
,,,,,461
,,,,,464
,,,,,240
,,,,,311
,,,,,601
,,,,,195
,,,,,291
,,,,,674
,,,,,440
,,,,,222
,,,,,387
,,,,,328
,,,,,591
,,,,,251
,,,,,293
,,,,,555
,,,,,206
,,,,,339
,,,,,327
,,,,,275
,,,,,175
,,,,,254
,,,,,354
,,,,,166
,,,,,279
,,,,,672
,,,,,366
,,,,,272
,,,,,339
,,,,,311
,,,,,372
,,,,,155
,,,,,386
,,,,,448
,,,,,145
,,,,,668
,,,,,448
,,,,,327
,,,,,231
,,,,,130
,,,,,500
,,,,,503
,,,,,270
,,,,,481
,,,,,306
,,,,,248
,,,,,404
,,,,,408
,,,,,277
,,,,,593
,,,,,258
,,,,,492
,,,,,397
,,,,,456
,,,,,504
,,,,,410
,,,,,297
,,,,,194
,,,,,352
,,,,,383
,,,,,328
,,,,,647
,,,,,172
,,,,,619
,,,,,133
,,,,,333
,,,,,486
,,,,,212
,,,,,512
,,,,,312
,,,,,265
,,,,,408
,,,,,279
,,,,,168
,,,,,192
,,,,,319
,,,,,489
,,,,,477
,,,,,221
,,,,,331
,,,,,351
,,,,,263
,,,,,327
,,,,,329
,,,,,311
,,,,,607
,,,,,312
,,,,,290
,,,,,205
,,,,,225
,,,,,296
,,,,,350
,,,,,389
,,,,,397
,,,,,159
,,,,,455
,,,,,546
,,,,,270
,,,,,333
,,,,,454
,,,,,217
,,,,,322
,,,,,212
,,,,,289
,,,,,433
,,,,,297
,,,,,576
,,,,,392
,,,,,411
,,,,,342
,,,,,480
,,,,,316
,,,,,390
,,,,,423
,,,,,325
,,,,,277
,,,,,413
,,,,,361
,,,,,454
,,,,,353
,,,,,309
,,,,,293
,,,,,245
,,,,,348
,,,,,191
,,,,,681
,,,,,374
,,,,,388
,,,,,302
,,,,,331
,,,,,348
,,,,,156
,,,,,410
,,,,,242
,,,,,115
,,,,,357
,,,,,304
,,,,,271
,,,,,211
,,,,,258
,,,,,614
,,,,,330
,,,,,197
,,,,,256
,,,,,502
,,,,,349
,,,,,356
,,,,,411
,,,,,316
,,,,,480
,,,,,247
,,,,,66
,,,,,163
,,,,,821
,,,,,426
,,,,,271
,,,,,357
,,,,,277
,,,,,235
,,,,,404
,,,,,363
,,,,,460
,,,,,372
,,,,,410
,,,,,152
,,,,,401
,,,,,434
,,,,,369
,,,,,327
,,,,,186
,,,,,242
,,,,,436
,,,,,272
,,,,,258
,,,,,331
,,,,,503
,,,,,296
,,,,,655
,,,,,222
,,,,,516
,,,,,447
,,,,,261
,,,,,276
,,,,,397
,,,,,345
,,,,,372
,,,,,199
,,,,,332
,,,,,312
,,,,,616
,,,,,213
,,,,,326
,,,,,258
,,,,,261
,,,,,214
,,,,,239
,,,,,232
,,,,,238
,,,,,452
,,,,,395
,,,,,463
,,,,,553
,,,,,287
,,,,,137
,,,,,240
,,,,,251
,,,,,353
,,,,,537
,,,,,445
,,,,,116
,,,,,296
,,,,,392
,,,,,544
,,,,,408
,,,,,237
,,,,,308
,,,,,338
,,,,,371
,,,,,292
,,,,,415
,,,,,306
,,,,,183
,,,,,421
,,,,,303
,,,,,330
,,,,,472
,,,,,272
,,,,,226
,,,,,357
,,,,,213
,,,,,340
,,,,,580
,,,,,337
,,,,,304
,,,,,172
,,,,,300
,,,,,148
,,,,,394
,,,,,398
,,,,,316
,,,,,339
,,,,,272
,,,,,663
,,,,,444
,,,,,220
,,,,,226
,,,,,267
,,,,,257
,,,,,313
,,,,,118
,,,,,332
,,,,,330
,,,,,433
,,,,,279
,,,,,427
,,,,,217
,,,,,543
,,,,,455
,,,,,219
,,,,,273
,,,,,473
,,,,,339
,,,,,360
,,,,,307
,,,,,455
,,,,,144
,,,,,252
,,,,,442
,,,,,151
,,,,,210
,,,,,272
,,,,,334
,,,,,305
,,,,,331
,,,,,248
,,,,,603
,,,,,360
,,,,,512
,,,,,237
,,,,,617
,,,,,411
,,,,,296
,,,,,176
,,,,,203
,,,,,648
,,,,,244
,,,,,358
,,,,,266
,,,,,327
,,,,,596
,,,,,252
,,,,,330
,,,,,304
,,,,,644
,,,,,128
,,,,,419
,,,,,449
,,,,,494
,,,,,570
,,,,,243
,,,,,429
,,,,,567
,,,,,480
,,,,,441
,,,,,251
,,,,,387
,,,,,321
,,,,,429
,,,,,185
,,,,,227
,,,,,459
,,,,,241
,,,,,255
,,,,,212
,,,,,658
,,,,,595
,,,,,256
,,,,,521
,,,,,410
,,,,,254
,,,,,359
,,,,,401
,,,,,240
,,,,,534
,,,,,409
,,,,,143
,,,,,338
,,,,,261
,,,,,396
,,,,,346
,,,,,210
,,,,,346
,,,,,334
,,,,,373
,,,,,455
,,,,,368
,,,,,369
,,,,,379
,,,,,318
,,,,,145
,,,,,425
,,,,,406
,,,,,756
,,,,,490
,,,,,337
,,,,,403
,,,,,405
,,,,,333
,,,,,384
,,,,,500
,,,,,221
,,,,,337
,,,,,413
,,,,,220
,,,,,485
,,,,,442
,,,,,452
,,,,,107
,,,,,325
,,,,,249
,,,,,836
,,,,,321
,,,,,371
,,,,,293
,,,,,395
,,,,,497
,,,,,302
,,,,,487
,,,,,306
,,,,,258
,,,,,211
,,,,,132
,,,,,345
,,,,,459
,,,,,313
,,,,,283
,,,,,265
,,,,,416
,,,,,193
,,,,,667
,,,,,271
,,,,,356
,,,,,442
,,,,,255
,,,,,335
,,,,,234
,,,,,179
,,,,,438
,,,,,276
,,,,,318
,,,,,422
,,,,,170
,,,,,565
,,,,,310
,,,,,562
,,,,,124
,,,,,326
,,,,,194
,,,,,250
,,,,,423
,,,,,702
,,,,,247
,,,,,337
,,,,,302
,,,,,517
,,,,,364
,,,,,315
,,,,,452
,,,,,345
,,,,,206
,,,,,356
,,,,,431
,,,,,339
,,,,,559
,,,,,484
,,,,,392
,,,,,416
,,,,,198
,,,,,516
,,,,,274
,,,,,452
,,,,,573
,,,,,224
,,,,,329
,,,,,475
,,,,,619
,,,,,326
,,,,,341
,,,,,224
,,,,,601
,,,,,562
,,,,,314
,,,,,362
,,,,,230
,,,,,454
,,,,,176
,,,,,289
,,,,,399
,,,,,527
,,,,,146
,,,,,471
,,,,,244
,,,,,341
,,,,,216
,,,,,461
,,,,,682
,,,,,395
,,,,,218
,,,,,512
,,,,,357
,,,,,436
,,,,,242
,,,,,495
,,,,,235
,,,,,178
,,,,,275
,,,,,335
,,,,,377
,,,,,418
,,,,,361
,,,,,266
,,,,,257
,,,,,330
,,,,,374
,,,,,469
,,,,,158
,,,,,362
,,,,,362
,,,,,521
,,,,,330
,,,,,263
,,,,,259
,,,,,412
,,,,,637
,,,,,354
,,,,,266
,,,,,620
,,,,,476
,,,,,638
,,,,,436
,,,,,395
,,,,,478
,,,,,284
,,,,,282
,,,,,434
,,,,,492
,,,,,412
,,,,,473
,,,,,317
,,,,,341
,,,,,518
,,,,,369
,,,,,314
,,,,,606
,,,,,535
,,,,,333
,,,,,315
,,,,,400
,,,,,241
,,,,,347
,,,,,433
,,,,,410
,,,,,247
,,,,,449
,,,,,361
,,,,,391
,,,,,181
,,,,,351
,,,,,414
,,,,,245
,,,,,305
,,,,,294
,,,,,261
,,,,,159
,,,,,236
,,,,,277
,,,,,304
,,,,,353
,,,,,263
,,,,,464
,,,,,516
,,,,,189
,,,,,111
,,,,,343
,,,,,209
,,,,,343
,,,,,373
,,,,,483
,,,,,301
,,,,,380
,,,,,211
,,,,,364
,,,,,540
,,,,,590
,,,,,407
,,,,,359
,,,,,235
,,,,,104
,,,,,284
,,,,,344
,,,,,433
,,,,,310
,,,,,331
,,,,,288
,,,,,255
,,,,,403
,,,,,214
,,,,,660
,,,,,139
,,,,,499
,,,,,388
,,,,,513
,,,,,249
,,,,,345
,,,,,330
,,,,,391
,,,,,503
,,,,,405
,,,,,303
,,,,,425
,,,,,435
,,,,,420
,,,,,267
,,,,,461
,,,,,522
,,,,,309
,,,,,415
,,,,,147
,,,,,287
,,,,,305
,,,,,255
,,,,,507
,,,,,394
,,,,,345
,,,,,681
,,,,,492
,,,,,486
,,,,,216
,,,,,344
,,,,,340
,,,,,359
,,,,,183
,,,,,583
,,,,,329
,,,,,428
,,,,,513
,,,,,458
,,,,,721
,,,,,531
,,,,,384
,,,,,522
,,,,,274
,,,,,448
,,,,,421
,,,,,396
,,,,,492
,,,,,372
,,,,,167
,,,,,454
,,,,,249
,,,,,543
,,,,,295
,,,,,325
,,,,,441
,,,,,314
,,,,,251
,,,,,253
,,,,,437
,,,,,149
,,,,,320
,,,,,573
,,,,,481
,,,,,212
,,,,,228
,,,,,265
,,,,,235
,,,,,249
,,,,,298
,,,,,396
,,,,,285
,,,,,373
,,,,,768
,,,,,510
,,,,,363
,,,,,498
,,,,,436
,,,,,471
,,,,,315
,,,,,459
,,,,,222
,,,,,393
,,,,,209
,,,,,251
,,,,,316
,,,,,288
,,,,,444
,,,,,434
,,,,,272
,,,,,267
,,,,,481
,,,,,236
,,,,,297
,,,,,329
,,,,,606
,,,,,259
,,,,,357
,,,,,120
,,,,,369
,,,,,465
,,,,,577
,,,,,504
,,,,,521
,,,,,287
,,,,,355
,,,,,187
,,,,,455
,,,,,310
,,,,,332
,,,,,377
,,,,,301
,,,,,442
,,,,,361
,,,,,738
,,,,,353
,,,,,233
,,,,,301
,,,,,581
,,,,,476
,,,,,163
,,,,,165
,,,,,428
,,,,,489
,,,,,305
,,,,,293
,,,,,281
,,,,,381
,,,,,161
,,,,,411
,,,,,249
,,,,,475
,,,,,165
,,,,,266
,,,,,438
,,,,,430
,,,,,376
,,,,,415
,,,,,471
,,,,,239
,,,,,775
,,,,,568
,,,,,231
,,,,,418
,,,,,237
,,,,,153
,,,,,473
,,,,,293
,,,,,470
,,,,,321
,,,,,280
,,,,,289
,,,,,365
,,,,,197
,,,,,659
,,,,,246
,,,,,588
,,,,,239
,,,,,379
,,,,,226
,,,,,96
,,,,,433
,,,,,366
,,,,,812
,,,,,411
,,,,,394
,,,,,438
,,,,,362
,,,,,468
,,,,,102
,,,,,296
,,,,,623
,,,,,433
,,,,,444
,,,,,428
,,,,,406
,,,,,374
,,,,,355
,,,,,433
,,,,,385
,,,,,289
,,,,,352
,,,,,585
,,,,,293
,,,,,481
,,,,,323
,,,,,322
,,,,,230
,,,,,325
,,,,,592
,,,,,357
,,,,,523
,,,,,801
,,,,,406
,,,,,385
,,,,,439
,,,,,427
,,,,,161
,,,,,230
,,,,,382
,,,,,374
,,,,,538
,,,,,277
,,,,,268
,,,,,417
,,,,,591
,,,,,462
,,,,,270
,,,,,252
,,,,,371
,,,,,386
,,,,,540
,,,,,424
,,,,,301
,,,,,328
,,,,,300
,,,,,364
,,,,,539
,,,,,381
,,,,,387
,,,,,328
,,,,,456
,,,,,508
,,,,,271
,,,,,573
,,,,,529
,,,,,540
,,,,,358
,,,,,370
,,,,,455
,,,,,83
,,,,,341
,,,,,455
,,,,,760
,,,,,205
,,,,,449
,,,,,326
,,,,,182
,,,,,387
,,,,,224
,,,,,177
,,,,,307
,,,,,534
,,,,,471
,,,,,462
,,,,,311
,,,,,431
,,,,,360
,,,,,392
,,,,,194
,,,,,283
,,,,,223
,,,,,420
,,,,,113
,,,,,327
,,,,,386
,,,,,335
,,,,,398
,,,,,345
,,,,,655
,,,,,394
,,,,,440
,,,,,254
,,,,,335
,,,,,255
,,,,,349
,,,,,305
,,,,,364
,,,,,394
,,,,,405
,,,,,482
,,,,,528
,,,,,655
,,,,,438
,,,,,220
,,,,,275
,,,,,339
,,,,,553
,,,,,274
,,,,,471
,,,,,207
,,,,,344
,,,,,504
,,,,,308
,,,,,361
,,,,,470
,,,,,209
,,,,,344
,,,,,774
,,,,,294
,,,,,458
,,,,,448
,,,,,615
,,,,,245
,,,,,263
,,,,,229
,,,,,346
,,,,,364
,,,,,220
,,,,,424
,,,,,449
,,,,,569
,,,,,258
,,,,,786
,,,,,408
,,,,,759
,,,,,270
,,,,,278
,,,,,395
,,,,,301
,,,,,295
,,,,,215
,,,,,291
,,,,,261
,,,,,266
,,,,,524
,,,,,426
,,,,,453
,,,,,390
,,,,,387
,,,,,259
,,,,,525
,,,,,158
,,,,,450
,,,,,85
,,,,,477
,,,,,817
,,,,,372
,,,,,342
,,,,,384
,,,,,289
,,,,,468
,,,,,473
,,,,,401
,,,,,325
,,,,,354
,,,,,262
,,,,,324
,,,,,514
,,,,,229
,,,,,329
,,,,,89
,,,,,599
,,,,,561
,,,,,338
,,,,,504
,,,,,483
,,,,,271
,,,,,431
,,,,,291
,,,,,384
,,,,,488
,,,,,601
,,,,,591
,,,,,180
,,,,,347
,,,,,246
,,,,,146
,,,,,451
,,,,,642
,,,,,243
,,,,,459
,,,,,296
,,,,,264
,,,,,356
,,,,,143
,,,,,661
,,,,,338
,,,,,328
,,,,,304
,,,,,513
,,,,,325
,,,,,417
,,,,,286
,,,,,499
,,,,,245
,,,,,163
,,,,,351
,,,,,332
,,,,,370
,,,,,257
,,,,,262
,,,,,590
,,,,,348
,,,,,464
,,,,,245
,,,,,273
,,,,,413
,,,,,609
,,,,,305
,,,,,271
,,,,,337
,,,,,288
,,,,,311
,,,,,305
,,,,,275
,,,,,549
,,,,,359
,,,,,181
,,,,,374
,,,,,569
,,,,,436
,,,,,321
,,,,,418
,,,,,202
,,,,,328
,,,,,209
,,,,,220
,,,,,302
,,,,,388
,,,,,418
,,,,,548
,,,,,514
,,,,,419
,,,,,403
,,,,,352
,,,,,142
,,,,,469
,,,,,327
,,,,,675
,,,,,302
,,,,,341
,,,,,168
,,,,,490
,,,,,358
,,,,,262
,,,,,531
,,,,,258
,,,,,260
,,,,,636
,,,,,467
,,,,,357
,,,,,259
,,,,,280
,,,,,321
,,,,,252
,,,,,346
,,,,,457
,,,,,586
,,,,,593
,,,,,575
,,,,,671
,,,,,279
,,,,,417
,,,,,260
,,,,,298
,,,,,219
,,,,,595
,,,,,202
,,,,,620
,,,,,332
,,,,,237
,,,,,183
,,,,,258
,,,,,312
,,,,,590
,,,,,265
,,,,,325
,,,,,292
,,,,,220
,,,,,336
,,,,,265
,,,,,427
,,,,,619
,,,,,530
,,,,,262
,,,,,185
,,,,,457
,,,,,192
,,,,,243
,,,,,371
,,,,,201
,,,,,220
,,,,,81
,,,,,235
,,,,,369
,,,,,234
,,,,,233
,,,,,278
,,,,,350
,,,,,480
,,,,,359
,,,,,522
,,,,,120
,,,,,273
,,,,,321
,,,,,233
,,,,,542
,,,,,647
,,,,,358
,,,,,585
,,,,,339
,,,,,280
,,,,,428
,,,,,343
,,,,,301
,,,,,340
,,,,,462
,,,,,281
,,,,,133
,,,,,437
,,,,,174
,,,,,376
,,,,,343
,,,,,259
,,,,,462
,,,,,221
,,,,,202
,,,,,138
,,,,,272
,,,,,286
,,,,,632
,,,,,417
,,,,,499
,,,,,215
,,,,,100
,,,,,266
,,,,,403
,,,,,423
,,,,,277
,,,,,406
,,,,,414
,,,,,329
,,,,,270
,,,,,319
,,,,,77
,,,,,176
,,,,,429
,,,,,269
,,,,,322
,,,,,435
,,,,,261
,,,,,363
,,,,,342
,,,,,668
,,,,,313
,,,,,463
,,,,,207
,,,,,308
,,,,,124
,,,,,450
,,,,,293
,,,,,268
,,,,,307
,,,,,393
,,,,,405
,,,,,381
,,,,,277
,,,,,390
,,,,,288
,,,,,123
,,,,,343
,,,,,328
,,,,,265
,,,,,284
,,,,,108
,,,,,502
,,,,,176
,,,,,598
,,,,,297
,,,,,318
,,,,,331
,,,,,405
,,,,,396
,,,,,320
,,,,,407
,,,,,310
,,,,,378
,,,,,577
,,,,,330
,,,,,252
,,,,,372
,,,,,300
,,,,,433
,,,,,437
,,,,,511
,,,,,214
,,,,,381
,,,,,277
,,,,,311
,,,,,317
,,,,,277
,,,,,300
,,,,,166
,,,,,265
,,,,,258
,,,,,240
,,,,,346
,,,,,362
,,,,,295
,,,,,300
,,,,,392
,,,,,539
,,,,,518
,,,,,326
,,,,,490
,,,,,469
,,,,,160
,,,,,338
,,,,,383
,,,,,312
,,,,,311
,,,,,479
,,,,,192
,,,,,553
,,,,,106
,,,,,196
,,,,,434
,,,,,462
,,,,,390
,,,,,382
,,,,,331
,,,,,526
,,,,,329
,,,,,417
,,,,,371
,,,,,490
,,,,,279
,,,,,575
,,,,,347
,,,,,380
,,,,,375
,,,,,366
,,,,,350
,,,,,355
,,,,,367
,,,,,591
,,,,,481
,,,,,274
,,,,,577
,,,,,784
,,,,,343
,,,,,417
,,,,,326
,,,,,118
,,,,,407
,,,,,193
,,,,,182
,,,,,272
,,,,,247
,,,,,274
,,,,,295
,,,,,247
,,,,,346
,,,,,341
,,,,,413
,,,,,437
,,,,,373
,,,,,435
,,,,,327
,,,,,313
,,,,,438
,,,,,355
,,,,,459
,,,,,309
,,,,,484
,,,,,253
,,,,,299
,,,,,594
,,,,,272
,,,,,417
,,,,,396
,,,,,309
,,,,,493
,,,,,399
,,,,,340
,,,,,483
,,,,,336
,,,,,346
,,,,,306
,,,,,325
,,,,,343
,,,,,488
,,,,,287
,,,,,221
,,,,,314
,,,,,336
,,,,,552
,,,,,312
,,,,,331
,,,,,322
,,,,,320
,,,,,424
,,,,,618
,,,,,294
,,,,,310
,,,,,371
,,,,,330
,,,,,486
,,,,,468
,,,,,609
,,,,,162
,,,,,136
,,,,,236
,,,,,367
,,,,,375
,,,,,258
,,,,,402
,,,,,377
,,,,,684
,,,,,325
,,,,,299
,,,,,288
,,,,,316
,,,,,262
,,,,,519
,,,,,284
,,,,,580
,,,,,326
,,,,,471
,,,,,516
,,,,,406
,,,,,297
,,,,,460
,,,,,379
,,,,,306
,,,,,391
,,,,,516
,,,,,303
,,,,,185
,,,,,383
,,,,,544
,,,,,307
,,,,,422
,,,,,355
,,,,,331
,,,,,394
,,,,,428
,,,,,428
,,,,,655
,,,,,711
,,,,,309
,,,,,156
,,,,,324
,,,,,381
,,,,,574
,,,,,267
,,,,,339
,,,,,368
,,,,,323
,,,,,370
,,,,,156
,,,,,243
,,,,,236
,,,,,709
,,,,,518
,,,,,277
,,,,,455
,,,,,285
,,,,,356
,,,,,354
,,,,,278
,,,,,422
,,,,,267
,,,,,385
,,,,,402
,,,,,323
,,,,,166
,,,,,294
,,,,,336
,,,,,307
,,,,,344
,,,,,282
,,,,,462
,,,,,225
,,,,,454
,,,,,355
,,,,,439
,,,,,226
,,,,,545
,,,,,323
,,,,,657
,,,,,288
,,,,,545
,,,,,341
,,,,,614
,,,,,331
,,,,,192
,,,,,518
,,,,,317
,,,,,550
,,,,,628
,,,,,324
,,,,,351
,,,,,334
,,,,,284
,,,,,333
,,,,,360
,,,,,515
,,,,,660
,,,,,176
,,,,,376
,,,,,360
,,,,,492
,,,,,324
,,,,,458
,,,,,401
,,,,,524
,,,,,92
,,,,,329
,,,,,497
,,,,,208
,,,,,631
,,,,,253
,,,,,267
,,,,,257
,,,,,561
,,,,,378
,,,,,664
,,,,,313
,,,,,295
,,,,,288
,,,,,402
,,,,,354
,,,,,427
,,,,,392
,,,,,560
,,,,,366
,,,,,459
,,,,,327
,,,,,419
,,,,,337
,,,,,479
,,,,,534
,,,,,470
,,,,,348
,,,,,361
,,,,,389
,,,,,194
,,,,,257
,,,,,500
,,,,,455
,,,,,384
,,,,,102
,,,,,237
,,,,,348
,,,,,502
,,,,,291
,,,,,266
,,,,,480
,,,,,231
,,,,,243
,,,,,236
,,,,,135
,,,,,482
,,,,,331
,,,,,244
,,,,,236
,,,,,356
,,,,,225
,,,,,431
,,,,,615
,,,,,437
,,,,,399
,,,,,399
,,,,,147
,,,,,651
,,,,,401
,,,,,128
,,,,,193
,,,,,309
,,,,,523
,,,,,329
,,,,,314
,,,,,325
,,,,,327
,,,,,245
,,,,,439
,,,,,284
,,,,,343
,,,,,672
,,,,,279
,,,,,414
,,,,,351
,,,,,369
,,,,,357
,,,,,237
,,,,,622
,,,,,366
,,,,,323
,,,,,121
,,,,,322
,,,,,271
,,,,,584
,,,,,289
,,,,,249
,,,,,266
,,,,,383
,,,,,325
,,,,,275
,,,,,365
,,,,,220
,,,,,146
,,,,,333
,,,,,375
,,,,,234
,,,,,419
,,,,,186
,,,,,292
,,,,,294
,,,,,359
,,,,,489
,,,,,383
,,,,,323
,,,,,386
,,,,,102
,,,,,276
,,,,,287
,,,,,247
,,,,,491
,,,,,311
,,,,,267
,,,,,145
,,,,,426
,,,,,323
,,,,,187
,,,,,350
,,,,,389
,,,,,331
,,,,,424
,,,,,628
,,,,,260
,,,,,368
,,,,,261
,,,,,285
,,,,,606
,,,,,390
,,,,,337
,,,,,429
,,,,,552
,,,,,314
,,,,,232
,,,,,393
,,,,,269
,,,,,347
,,,,,473
,,,,,315
,,,,,387
,,,,,252
,,,,,320
,,,,,476
,,,,,416
,,,,,412
,,,,,273
,,,,,282
,,,,,835
,,,,,212
,,,,,284
,,,,,336
,,,,,449
,,,,,376
,,,,,368
,,,,,469
,,,,,564
,,,,,380
,,,,,103
,,,,,228
,,,,,292
,,,,,130
,,,,,421
,,,,,419
,,,,,358
,,,,,408
,,,,,533
,,,,,443
,,,,,187
,,,,,242
,,,,,456
,,,,,344
,,,,,188
,,,,,552
,,,,,425
,,,,,259
,,,,,438
,,,,,431
,,,,,350
,,,,,209
,,,,,415
,,,,,309
,,,,,508
,,,,,337
,,,,,528
,,,,,448
,,,,,200
,,,,,372
,,,,,281
,,,,,180
,,,,,475
,,,,,234
,,,,,257
,,,,,328
,,,,,327
,,,,,310
,,,,,368
,,,,,644
,,,,,442
,,,,,398
,,,,,286
,,,,,493
,,,,,329
,,,,,567
,,,,,275
,,,,,464
,,,,,279
,,,,,152
,,,,,352
,,,,,307
,,,,,347
,,,,,169
,,,,,380
,,,,,454
,,,,,291
,,,,,390
,,,,,561
,,,,,567
,,,,,299
,,,,,417
,,,,,565
,,,,,382
,,,,,355
,,,,,168
,,,,,274
,,,,,679
,,,,,442
,,,,,349
,,,,,420
,,,,,329
,,,,,440
,,,,,143
,,,,,368
,,,,,536
,,,,,357
,,,,,686
,,,,,253
,,,,,287
,,,,,568
,,,,,379
,,,,,523
,,,,,525
,,,,,309
,,,,,192
,,,,,232
,,,,,236
,,,,,248
,,,,,185
,,,,,231
,,,,,405
,,,,,618
,,,,,427
,,,,,386
,,,,,487
,,,,,351
,,,,,508
,,,,,354
,,,,,309
,,,,,458
,,,,,350
,,,,,307
,,,,,141
,,,,,199
,,,,,322
,,,,,310
,,,,,315
,,,,,361
,,,,,283
,,,,,322
,,,,,258
,,,,,271
,,,,,288
,,,,,501
,,,,,159
,,,,,275
,,,,,300
,,,,,405
,,,,,389
,,,,,354
,,,,,252
,,,,,342
,,,,,444
,,,,,80
,,,,,359
,,,,,348
,,,,,395
,,,,,474
,,,,,305
,,,,,280
,,,,,439
,,,,,262
,,,,,355
,,,,,367
,,,,,505
,,,,,267
,,,,,381
,,,,,476
,,,,,436
,,,,,548
,,,,,237
,,,,,252
,,,,,202
,,,,,412
,,,,,422
,,,,,597
,,,,,310
,,,,,296
,,,,,648
,,,,,311
,,,,,299
,,,,,489
,,,,,425
,,,,,443
,,,,,341
,,,,,289
,,,,,261
,,,,,541
,,,,,313
,,,,,248
,,,,,280
,,,,,321
,,,,,368
,,,,,317
,,,,,498
,,,,,274
,,,,,349
,,,,,503
,,,,,302
,,,,,247
,,,,,303
,,,,,536
,,,,,113
,,,,,395
,,,,,241
,,,,,186
,,,,,483
,,,,,350
,,,,,231
,,,,,592
,,,,,464
,,,,,281
,,,,,277
,,,,,333
,,,,,221
,,,,,265
,,,,,367
,,,,,675
,,,,,334
,,,,,177
,,,,,390
,,,,,514
,,,,,325
,,,,,130
,,,,,608
,,,,,256
,,,,,373
,,,,,552
,,,,,538
,,,,,557
,,,,,277
,,,,,351
,,,,,432
,,,,,245
,,,,,334
,,,,,527
,,,,,251
,,,,,367
,,,,,230
,,,,,354
,,,,,474
,,,,,574
,,,,,335
,,,,,136
,,,,,623
,,,,,366
,,,,,525
,,,,,470
,,,,,158
,,,,,323
,,,,,400
,,,,,532
,,,,,544
,,,,,317
,,,,,142
,,,,,291
,,,,,324
,,,,,440
,,,,,350
,,,,,536
,,,,,183
,,,,,318
,,,,,287
,,,,,335
,,,,,212
,,,,,310
,,,,,293
,,,,,470
,,,,,511
,,,,,578
,,,,,586
,,,,,504
,,,,,433
,,,,,311
,,,,,422
,,,,,167
,,,,,323
,,,,,461
,,,,,451
,,,,,228
,,,,,298
,,,,,266
,,,,,285
,,,,,284
,,,,,348
,,,,,301
,,,,,302
,,,,,297
,,,,,105
,,,,,584
,,,,,472
,,,,,332
,,,,,204
,,,,,410
,,,,,521
,,,,,260
,,,,,444
,,,,,331
,,,,,281
,,,,,348
,,,,,489
,,,,,452
,,,,,266
,,,,,319
,,,,,236
,,,,,391
,,,,,392
,,,,,221
,,,,,195
,,,,,399
,,,,,355
,,,,,429
,,,,,371
,,,,,437
,,,,,398
,,,,,356
,,,,,820
,,,,,459
,,,,,322
,,,,,340
,,,,,257
,,,,,392
,,,,,286
,,,,,441
,,,,,299
,,,,,615
,,,,,291
,,,,,310
,,,,,217
,,,,,356
,,,,,292
,,,,,338
,,,,,543
,,,,,451
,,,,,475
,,,,,320
,,,,,389
,,,,,517
,,,,,287
,,,,,203
,,,,,352
,,,,,415
,,,,,205
,,,,,270
,,,,,248
,,,,,839
,,,,,290
,,,,,423
,,,,,282
,,,,,200
,,,,,271
,,,,,341
,,,,,287
,,,,,685
,,,,,407
,,,,,395
,,,,,312
,,,,,250
,,,,,333
,,,,,695
,,,,,394
,,,,,365
,,,,,350
,,,,,245
,,,,,314
,,,,,405
,,,,,252
,,,,,167
,,,,,488
,,,,,599
,,,,,357
,,,,,378
,,,,,566
,,,,,321
,,,,,319
,,,,,220
,,,,,305
,,,,,277
,,,,,341
,,,,,319
,,,,,322
,,,,,378
,,,,,431
,,,,,578
,,,,,407
,,,,,298
,,,,,269
,,,,,307
,,,,,542
,,,,,280
,,,,,219
,,,,,267
,,,,,227
,,,,,352
,,,,,370
,,,,,180
,,,,,413
,,,,,451
,,,,,280
,,,,,199
,,,,,328
,,,,,515
,,,,,435
,,,,,515
,,,,,271
,,,,,213
,,,,,314
,,,,,524
,,,,,313
,,,,,487
,,,,,534
,,,,,541
,,,,,422
,,,,,437
,,,,,262
,,,,,220
,,,,,435
,,,,,364
,,,,,284
,,,,,285
,,,,,264
,,,,,589
,,,,,298
,,,,,328
,,,,,332
,,,,,354
,,,,,290
,,,,,420
,,,,,197
,,,,,283
,,,,,297
,,,,,261
,,,,,446
,,,,,263
,,,,,322
,,,,,277
,,,,,337
,,,,,172
,,,,,267
,,,,,203
,,,,,254
,,,,,444
,,,,,249
,,,,,678
,,,,,415
,,,,,314
,,,,,272
,,,,,395
,,,,,228
,,,,,683
,,,,,368
,,,,,305
,,,,,340
,,,,,711
,,,,,252
,,,,,470
,,,,,269
,,,,,517
,,,,,565
,,,,,162
,,,,,244
,,,,,300
,,,,,347
,,,,,444
,,,,,415
,,,,,162
,,,,,345
,,,,,549
,,,,,238
,,,,,351
,,,,,331
,,,,,532
,,,,,560
,,,,,322
,,,,,542
,,,,,522
,,,,,298
,,,,,350
,,,,,353
,,,,,414
,,,,,284
,,,,,370
,,,,,528
,,,,,370
,,,,,261
,,,,,399
,,,,,394
,,,,,321
,,,,,503
,,,,,391
,,,,,253
,,,,,404
,,,,,334
,,,,,500
,,,,,553
,,,,,290
,,,,,422
,,,,,391
,,,,,376
,,,,,606
,,,,,364
,,,,,304
,,,,,395
,,,,,425
,,,,,328
,,,,,569
,,,,,429
,,,,,129
,,,,,388
,,,,,379
,,,,,267
,,,,,470
,,,,,536
,,,,,372
,,,,,441
,,,,,386
,,,,,546
,,,,,415
,,,,,472
,,,,,350
,,,,,570
,,,,,399
,,,,,302
,,,,,355
,,,,,459
,,,,,449
,,,,,564
,,,,,181
,,,,,340
,,,,,570
,,,,,444
,,,,,344
,,,,,148
,,,,,409
,,,,,347
,,,,,396
,,,,,226
,,,,,349
,,,,,560
,,,,,243
,,,,,425
,,,,,274
,,,,,498
,,,,,477
,,,,,344
,,,,,105
,,,,,723
,,,,,454
,,,,,413
,,,,,415
,,,,,332
,,,,,525
,,,,,521
,,,,,281
,,,,,385
,,,,,372
,,,,,355
,,,,,365
,,,,,611
,,,,,570
,,,,,326
,,,,,430
,,,,,183
,,,,,423
,,,,,322
,,,,,369
,,,,,331
,,,,,247
,,,,,218
,,,,,90
,,,,,579
,,,,,409
,,,,,416
,,,,,458
,,,,,426
,,,,,177
,,,,,328
,,,,,366
,,,,,132
,,,,,130
,,,,,506
,,,,,565
,,,,,515
,,,,,193
,,,,,270
,,,,,256
,,,,,346
,,,,,356
,,,,,336
,,,,,404
,,,,,411
,,,,,464
,,,,,216
,,,,,244
,,,,,266
,,,,,366
,,,,,394
,,,,,683
,,,,,202
,,,,,650
,,,,,723
,,,,,393
,,,,,151
,,,,,316
,,,,,261
,,,,,421
,,,,,497
,,,,,289
,,,,,359
,,,,,604
,,,,,326
,,,,,624
,,,,,404
,,,,,251
,,,,,483
,,,,,293
,,,,,457
,,,,,357
,,,,,286
,,,,,536
,,,,,260
,,,,,361
,,,,,366
,,,,,263
,,,,,281
,,,,,468
,,,,,393
,,,,,209
,,,,,605
,,,,,410
,,,,,178
,,,,,737
,,,,,314
,,,,,418
,,,,,229
,,,,,306
,,,,,348
,,,,,356
,,,,,478
,,,,,410
,,,,,272
,,,,,403
,,,,,439
,,,,,509
,,,,,335
,,,,,373
,,,,,294
,,,,,280
,,,,,508
,,,,,285
,,,,,536
,,,,,169
,,,,,519
,,,,,275
,,,,,361
,,,,,442
,,,,,272
,,,,,267
,,,,,338
,,,,,409
,,,,,329
,,,,,348
,,,,,278
,,,,,555
,,,,,100
,,,,,246
,,,,,492
,,,,,471
,,,,,296
,,,,,186
,,,,,328
,,,,,382
,,,,,210
,,,,,263
,,,,,203
,,,,,346
,,,,,327
,,,,,566
,,,,,445
,,,,,456
,,,,,220
,,,,,441
,,,,,215
,,,,,384
,,,,,470
,,,,,654
,,,,,482
,,,,,604
,,,,,268
,,,,,509
,,,,,223
,,,,,388
,,,,,337
,,,,,471
,,,,,370
,,,,,601
,,,,,565
,,,,,399
,,,,,505
,,,,,265
,,,,,439
,,,,,302
,,,,,318
,,,,,426
,,,,,390
,,,,,521
,,,,,375
,,,,,335
,,,,,281
,,,,,366
,,,,,396
,,,,,355
,,,,,425
,,,,,410
,,,,,397
,,,,,202
,,,,,462
,,,,,427
,,,,,301
,,,,,219
,,,,,624
,,,,,533
,,,,,338
,,,,,553
,,,,,443
,,,,,211
,,,,,278
,,,,,306
,,,,,272
,,,,,324
,,,,,313
,,,,,164
,,,,,287
,,,,,341
,,,,,266
,,,,,386
,,,,,197
,,,,,454
,,,,,298
,,,,,273
,,,,,519
,,,,,369
,,,,,224
,,,,,211
,,,,,343
,,,,,524
,,,,,675
,,,,,373
,,,,,373
,,,,,526
,,,,,195
,,,,,557
,,,,,161
,,,,,250
,,,,,414
,,,,,247
,,,,,346
,,,,,549
,,,,,205
,,,,,444
,,,,,242
,,,,,296
,,,,,350
,,,,,650
,,,,,308
,,,,,174
,,,,,270
,,,,,1048
,,,,,282
,,,,,426
,,,,,232
,,,,,292
,,,,,442
,,,,,249
,,,,,428
,,,,,266
,,,,,366
,,,,,600
,,,,,172
,,,,,354
,,,,,281
,,,,,191
,,,,,316
,,,,,338
,,,,,225
,,,,,418
,,,,,844
,,,,,360
,,,,,363
,,,,,311
,,,,,317
,,,,,219
,,,,,360
,,,,,580
,,,,,358
,,,,,377
,,,,,378
,,,,,393
,,,,,342
,,,,,554
,,,,,314
,,,,,450
,,,,,578
,,,,,216
,,,,,87
,,,,,141
,,,,,386
,,,,,357
,,,,,287
,,,,,392
,,,,,306
,,,,,312
,,,,,727
,,,,,412
,,,,,451
,,,,,499
,,,,,421
,,,,,514
,,,,,126
,,,,,767
,,,,,243
,,,,,516
,,,,,580
,,,,,498
,,,,,397
,,,,,325
,,,,,208
,,,,,636
,,,,,559
,,,,,348
,,,,,246
,,,,,350
,,,,,337
,,,,,324
,,,,,183
,,,,,278
,,,,,124
,,,,,162
,,,,,370
,,,,,376
,,,,,381
,,,,,179
,,,,,469
,,,,,463
,,,,,207
,,,,,186
,,,,,332
,,,,,332
,,,,,554
,,,,,390
,,,,,451
,,,,,288
,,,,,545
,,,,,365
,,,,,377
,,,,,192
,,,,,524
,,,,,360
,,,,,595
,,,,,306
,,,,,392
,,,,,304
,,,,,271
,,,,,306
,,,,,247
,,,,,549
,,,,,490
,,,,,365
,,,,,171
,,,,,195
,,,,,179
,,,,,277
,,,,,560
,,,,,445
,,,,,319
,,,,,390
,,,,,448
,,,,,572
,,,,,192
,,,,,328
,,,,,292
,,,,,602
,,,,,546
,,,,,351
,,,,,615
,,,,,448
,,,,,426
,,,,,297
,,,,,218
,,,,,233
,,,,,370
,,,,,393
,,,,,431
,,,,,227
,,,,,747
,,,,,407
,,,,,422
,,,,,430
,,,,,422
,,,,,145
,,,,,342
,,,,,441
,,,,,507
,,,,,463
,,,,,324
,,,,,319
,,,,,514
,,,,,171
,,,,,580
,,,,,410
,,,,,729
,,,,,424
,,,,,647
,,,,,641
,,,,,172
,,,,,145
,,,,,366
,,,,,416
,,,,,298
,,,,,850
,,,,,279
,,,,,415
,,,,,503
,,,,,185
,,,,,370
,,,,,433
,,,,,557
,,,,,248
,,,,,418
,,,,,140
,,,,,507
,,,,,318
,,,,,554
,,,,,738
,,,,,248
,,,,,336
,,,,,507
,,,,,266
,,,,,175
,,,,,539
,,,,,531
,,,,,346
,,,,,556
,,,,,591
,,,,,257
,,,,,233
,,,,,219
,,,,,231
,,,,,309
,,,,,448
,,,,,323
,,,,,285
,,,,,113
,,,,,434
,,,,,351
,,,,,401
,,,,,213
,,,,,509
,,,,,472
,,,,,81
,,,,,275
,,,,,136
,,,,,470
,,,,,572
,,,,,326
,,,,,212
,,,,,320
,,,,,283
,,,,,476
,,,,,357
,,,,,440
,,,,,372
,,,,,160
,,,,,424
,,,,,535
,,,,,371
,,,,,201
,,,,,202
,,,,,271
,,,,,127
,,,,,275
,,,,,430
,,,,,195
,,,,,248
,,,,,505
,,,,,244
,,,,,642
,,,,,396
,,,,,547
,,,,,250
,,,,,347
,,,,,302
,,,,,360
,,,,,310
,,,,,215
,,,,,392
,,,,,184
,,,,,605
,,,,,437
,,,,,256
,,,,,252
,,,,,285
,,,,,338
,,,,,487
,,,,,317
,,,,,310
,,,,,389
,,,,,246
,,,,,357
,,,,,305
,,,,,494
,,,,,494
,,,,,210
,,,,,463
,,,,,198
,,,,,595
,,,,,533
,,,,,384
,,,,,288
,,,,,338
,,,,,514
,,,,,422
,,,,,178
,,,,,273
,,,,,574
,,,,,405
,,,,,467
,,,,,233
,,,,,221
,,,,,407
,,,,,538
,,,,,230
,,,,,309
,,,,,585
,,,,,431
,,,,,534
,,,,,301
,,,,,347
,,,,,648
,,,,,555
,,,,,377
,,,,,307
,,,,,408
,,,,,425
,,,,,184
,,,,,256
,,,,,280
,,,,,460
,,,,,440
,,,,,289
,,,,,443
,,,,,394
,,,,,353
,,,,,356
,,,,,360
,,,,,394
,,,,,194
,,,,,344
,,,,,585
,,,,,319
,,,,,180
,,,,,568
,,,,,332
,,,,,449
,,,,,305
,,,,,382
,,,,,574
,,,,,511
,,,,,346
,,,,,298
,,,,,269
,,,,,375
,,,,,262
,,,,,303
,,,,,342
,,,,,311
,,,,,350
,,,,,293
,,,,,195
,,,,,210
,,,,,399
,,,,,409
,,,,,332
,,,,,338
,,,,,214
,,,,,405
,,,,,454
,,,,,368
,,,,,454
,,,,,304
,,,,,307
,,,,,135
,,,,,332
,,,,,87
,,,,,428
,,,,,159
,,,,,495
,,,,,523
,,,,,213
,,,,,396
,,,,,339
,,,,,405
,,,,,218
,,,,,189
,,,,,474
,,,,,295
,,,,,445
,,,,,390
,,,,,369
,,,,,297
,,,,,427
,,,,,511
,,,,,431
,,,,,346
,,,,,276
,,,,,233
,,,,,132
,,,,,290
,,,,,318
,,,,,295
,,,,,510
,,,,,332
,,,,,285
,,,,,471
,,,,,299
,,,,,207
,,,,,112
,,,,,454
,,,,,349
,,,,,249
,,,,,275
,,,,,309
,,,,,377
,,,,,436
,,,,,309
,,,,,786
,,,,,529
,,,,,350
,,,,,354
,,,,,200
,,,,,359
,,,,,337
,,,,,485
,,,,,207
,,,,,291
,,,,,816
,,,,,245
,,,,,374
,,,,,241
,,,,,191
,,,,,355
,,,,,295
,,,,,281
,,,,,315
,,,,,262
,,,,,134
,,,,,244
,,,,,411
,,,,,294
,,,,,480
,,,,,302
,,,,,413
,,,,,338
,,,,,344
,,,,,357
,,,,,498
,,,,,167
,,,,,354
,,,,,336
,,,,,255
,,,,,347
,,,,,258
,,,,,675
,,,,,690
,,,,,300
,,,,,320
,,,,,384
,,,,,374
,,,,,371
,,,,,341
,,,,,384
,,,,,263
,,,,,291
,,,,,368
,,,,,181
,,,,,206
,,,,,367
,,,,,480
,,,,,481
,,,,,323
,,,,,294
,,,,,475
,,,,,152
,,,,,396
,,,,,207
,,,,,330
,,,,,445
,,,,,412
,,,,,476
,,,,,211
,,,,,585
,,,,,332
,,,,,353
,,,,,384
,,,,,379
,,,,,380
,,,,,237
,,,,,362
,,,,,301
,,,,,278
,,,,,502
,,,,,318
,,,,,301
,,,,,246
,,,,,609
,,,,,294
,,,,,418
,,,,,477
,,,,,483
,,,,,467
,,,,,270
,,,,,329
,,,,,432
,,,,,193
,,,,,409
,,,,,502
,,,,,701
,,,,,334
,,,,,406
,,,,,529
,,,,,382
,,,,,192
,,,,,263
,,,,,285
,,,,,258
,,,,,320
,,,,,219
,,,,,462
,,,,,319
,,,,,457
,,,,,453
,,,,,301
,,,,,326
,,,,,393
,,,,,342
,,,,,620
,,,,,383
,,,,,649
,,,,,434
,,,,,661
,,,,,207
,,,,,179
,,,,,335
,,,,,376
,,,,,217
,,,,,445
,,,,,404
,,,,,351
,,,,,422
,,,,,375
,,,,,335
,,,,,374
,,,,,508
,,,,,319
,,,,,235
,,,,,315
,,,,,283
,,,,,218
,,,,,366
,,,,,251
,,,,,339
,,,,,421
,,,,,411
,,,,,394
,,,,,427
,,,,,406
,,,,,434
,,,,,515
,,,,,367
,,,,,365
,,,,,647
,,,,,314
,,,,,371
,,,,,307
,,,,,248
,,,,,175
,,,,,393
,,,,,176
,,,,,268
,,,,,656
,,,,,312
,,,,,244
,,,,,401
,,,,,325
,,,,,376
,,,,,540
,,,,,409
,,,,,267
,,,,,363
,,,,,731
,,,,,204
,,,,,422
,,,,,367
,,,,,545
,,,,,196
,,,,,327
,,,,,299
,,,,,414
,,,,,686
,,,,,548
,,,,,190
,,,,,316
,,,,,470
,,,,,460
,,,,,267
,,,,,469
,,,,,410
,,,,,379
,,,,,215
,,,,,429
,,,,,491
,,,,,255
,,,,,291
,,,,,291
,,,,,379
,,,,,547
,,,,,135
,,,,,234
,,,,,302
,,,,,73
,,,,,257
,,,,,440
,,,,,480
,,,,,192
,,,,,301
,,,,,572
,,,,,413
,,,,,188
,,,,,264
,,,,,224
,,,,,405
,,,,,244
,,,,,302
,,,,,114
,,,,,403
,,,,,277
,,,,,105
,,,,,428
,,,,,580
,,,,,406
,,,,,365
,,,,,500
,,,,,306
,,,,,380
,,,,,228
,,,,,396
,,,,,368
,,,,,436
,,,,,449
,,,,,466
,,,,,390
,,,,,215
,,,,,490
,,,,,386
,,,,,499
,,,,,225
,,,,,531
,,,,,345
,,,,,329
,,,,,319
,,,,,338
,,,,,156
,,,,,202
,,,,,511
,,,,,457
,,,,,467
,,,,,620
,,,,,376
,,,,,194
,,,,,475
,,,,,390
,,,,,120
,,,,,304
,,,,,472
,,,,,295
,,,,,233
,,,,,461
,,,,,130
,,,,,356
,,,,,421
,,,,,169
,,,,,260
,,,,,555
,,,,,557
,,,,,176
,,,,,418
,,,,,235
,,,,,384
,,,,,268
,,,,,308
,,,,,308
,,,,,424
,,,,,758
,,,,,477
,,,,,248
,,,,,322
,,,,,229
,,,,,321
,,,,,517
,,,,,295
,,,,,310
,,,,,642
,,,,,550
,,,,,488
,,,,,349
,,,,,432
,,,,,407
,,,,,557
,,,,,360
,,,,,264
,,,,,455
,,,,,392
,,,,,569
,,,,,660
,,,,,304
,,,,,337
,,,,,272
,,,,,445
,,,,,301
,,,,,100
,,,,,222
,,,,,467
,,,,,405
,,,,,563
,,,,,412
,,,,,441
,,,,,364
,,,,,169
,,,,,425
,,,,,521
,,,,,615
,,,,,536
,,,,,409
,,,,,336
,,,,,252
,,,,,329
,,,,,279
,,,,,162
,,,,,286
,,,,,449
,,,,,294
,,,,,185
,,,,,216
,,,,,332
,,,,,533
,,,,,309
,,,,,248
,,,,,411
,,,,,149
,,,,,461
,,,,,262
,,,,,269
,,,,,270
,,,,,262
,,,,,231
,,,,,218
,,,,,401
,,,,,211
,,,,,456
,,,,,435
,,,,,364
,,,,,260
,,,,,404
,,,,,311
,,,,,258
,,,,,312
,,,,,282
,,,,,439
,,,,,320
,,,,,395
,,,,,196
,,,,,502
,,,,,438
,,,,,515
,,,,,488
,,,,,456
,,,,,273
,,,,,395
,,,,,269
,,,,,390
,,,,,423
,,,,,601
,,,,,302
,,,,,423
,,,,,367
,,,,,348
,,,,,285
,,,,,355
,,,,,442
,,,,,295
,,,,,377
,,,,,268
,,,,,302
,,,,,442
,,,,,311
,,,,,387
,,,,,257
,,,,,508
,,,,,472
,,,,,368
,,,,,321
,,,,,236
,,,,,608
,,,,,341
,,,,,344
,,,,,500
,,,,,299
,,,,,435
,,,,,288
,,,,,353
,,,,,246
,,,,,271
,,,,,446
,,,,,429
,,,,,460
,,,,,175
,,,,,292
,,,,,316
,,,,,809
,,,,,621
,,,,,479
,,,,,501
,,,,,213
,,,,,565
,,,,,274
,,,,,438
,,,,,377
,,,,,191
,,,,,462
,,,,,202
,,,,,384
,,,,,555
,,,,,554
,,,,,299
,,,,,168
,,,,,486
,,,,,768
,,,,,165
,,,,,141
,,,,,261
,,,,,223
,,,,,633
,,,,,161
,,,,,401
,,,,,210
,,,,,479
,,,,,451
,,,,,588
,,,,,474
,,,,,425
,,,,,466
,,,,,253
,,,,,459
,,,,,479
,,,,,300
,,,,,314
,,,,,510
,,,,,244
,,,,,224
,,,,,475
,,,,,537
,,,,,400
,,,,,353
,,,,,422
,,,,,311
,,,,,368
,,,,,559
,,,,,278
,,,,,351
,,,,,180
,,,,,147
,,,,,288
,,,,,395
,,,,,355
,,,,,489
,,,,,531
,,,,,376
,,,,,378
,,,,,403
,,,,,203
,,,,,810
,,,,,241
,,,,,302
,,,,,202
,,,,,388
,,,,,571
,,,,,507
,,,,,358
,,,,,273
,,,,,337
,,,,,207
,,,,,535
,,,,,263
,,,,,413
,,,,,499
,,,,,310
,,,,,1168
,,,,,458
,,,,,298
,,,,,331
,,,,,297
,,,,,742
,,,,,326
,,,,,508
,,,,,591
,,,,,413
,,,,,366
,,,,,387
,,,,,342
,,,,,433
,,,,,301
,,,,,389
,,,,,469
,,,,,232
,,,,,404
,,,,,286
,,,,,437
,,,,,328
,,,,,568
,,,,,386
,,,,,138
,,,,,424
,,,,,458
,,,,,311
,,,,,435
,,,,,374
,,,,,243
,,,,,541
,,,,,231
,,,,,470
,,,,,437
,,,,,311
,,,,,197
,,,,,288
,,,,,375
,,,,,274
,,,,,442
,,,,,308
,,,,,252
,,,,,398
,,,,,448
,,,,,306
,,,,,450
,,,,,444
,,,,,372
,,,,,530
,,,,,399
,,,,,116
,,,,,367
,,,,,481
,,,,,278
,,,,,121
,,,,,505
,,,,,360
,,,,,480
,,,,,306
,,,,,390
,,,,,377
,,,,,378
,,,,,382
,,,,,287
,,,,,475
,,,,,274
,,,,,505
,,,,,360
,,,,,356
,,,,,141
,,,,,250
,,,,,361
,,,,,410
,,,,,470
,,,,,270
,,,,,406
,,,,,204
,,,,,186
,,,,,222
,,,,,546
,,,,,212
,,,,,190
,,,,,274
,,,,,565
,,,,,383
,,,,,417
,,,,,328
,,,,,224
,,,,,265
,,,,,307
,,,,,413
,,,,,318
,,,,,476
,,,,,59
,,,,,153
,,,,,501
,,,,,174
,,,,,221
,,,,,541
,,,,,283
,,,,,216
,,,,,428
,,,,,730
,,,,,288
,,,,,203
,,,,,517
,,,,,343
,,,,,375
,,,,,293
,,,,,287
,,,,,409
,,,,,337
,,,,,436
,,,,,416
,,,,,265
,,,,,452
,,,,,329
,,,,,490
,,,,,304
,,,,,182
,,,,,318
,,,,,104
,,,,,350
,,,,,212
,,,,,304
,,,,,453
,,,,,446
,,,,,289
,,,,,253
,,,,,229
,,,,,374
,,,,,332
,,,,,342
,,,,,436
,,,,,308
,,,,,448
,,,,,133
,,,,,383
,,,,,197
,,,,,409
,,,,,428
,,,,,186
,,,,,386
,,,,,385
,,,,,775
,,,,,494
,,,,,355
,,,,,584
,,,,,493
,,,,,809
,,,,,722
,,,,,308
,,,,,358
,,,,,540
,,,,,288
,,,,,382
,,,,,255
,,,,,234
,,,,,304
,,,,,287
,,,,,255
,,,,,337
,,,,,712
,,,,,324
,,,,,315
,,,,,162
,,,,,422
,,,,,183
,,,,,451
,,,,,444
,,,,,193
,,,,,206
,,,,,440
,,,,,418
,,,,,373
,,,,,363
,,,,,312
,,,,,492
,,,,,476
,,,,,300
,,,,,293
,,,,,199
,,,,,521
,,,,,438
,,,,,90
,,,,,404
,,,,,386
,,,,,528
,,,,,276
,,,,,666
,,,,,459
,,,,,556
,,,,,292
,,,,,316
,,,,,296
,,,,,352
,,,,,417
,,,,,414
,,,,,284
,,,,,223
,,,,,394
,,,,,361
,,,,,269
,,,,,208
,,,,,221
,,,,,670
,,,,,253
,,,,,242
,,,,,269
,,,,,302
,,,,,388
,,,,,381
,,,,,365
,,,,,365
,,,,,476
,,,,,268
,,,,,392
,,,,,406
,,,,,354
,,,,,444
,,,,,210
,,,,,465
,,,,,264
,,,,,202
,,,,,472
,,,,,297
,,,,,269
,,,,,383
,,,,,387
,,,,,307
,,,,,315
,,,,,444
,,,,,312
,,,,,545
,,,,,185
,,,,,512
,,,,,354
,,,,,309
,,,,,255
,,,,,277
,,,,,310
,,,,,243
,,,,,526
,,,,,327
,,,,,421
,,,,,268
,,,,,190
,,,,,457
,,,,,396
,,,,,832
,,,,,303
,,,,,276
,,,,,508
,,,,,405
,,,,,362
,,,,,437
,,,,,444
,,,,,294
,,,,,207
,,,,,606
,,,,,338
,,,,,68
,,,,,325
,,,,,581
,,,,,328
,,,,,487
,,,,,384
,,,,,567
,,,,,119
,,,,,225
,,,,,502
,,,,,469
,,,,,339
,,,,,378
,,,,,343
,,,,,457
,,,,,324
,,,,,282
,,,,,393
,,,,,439
,,,,,834
,,,,,263
,,,,,246
,,,,,335
,,,,,409
,,,,,303
,,,,,329
,,,,,536
,,,,,379
,,,,,728
,,,,,540
,,,,,323
,,,,,652
,,,,,217
,,,,,609
,,,,,485
,,,,,350
,,,,,338
,,,,,199
,,,,,401
,,,,,374
,,,,,316
,,,,,414
,,,,,411
,,,,,266
,,,,,117
,,,,,234
,,,,,287
,,,,,224
,,,,,158
,,,,,249
,,,,,300
,,,,,613
,,,,,444
,,,,,623
,,,,,439
,,,,,359
,,,,,830
,,,,,361
,,,,,341